<?xml version="1.0" encoding="UTF-8"?>
<project-private xmlns="http://www.netbeans.org/ns/project-private/1">
    <editor-bookmarks xmlns="http://www.netbeans.org/ns/editor-bookmarks/2" lastBookmarkId="0"/>
    <open-files xmlns="http://www.netbeans.org/ns/projectui-open-files/2">
        <group>
            <file>file:/C:/Users/Slifer/Documents/Projects/DASI2/RoutardWeb/src/java/servlet/vue/PreDevisVue.java</file>
            <file>file:/C:/Users/Slifer/Documents/Projects/DASI2/RoutardWeb/src/java/metier/modele/Depart.java</file>
            <file>file:/C:/Users/Slifer/Documents/Projects/DASI2/RoutardWeb/src/java/servlet/action/DevisAction.java</file>
            <file>file:/C:/Users/Slifer/Documents/Projects/DASI2/RoutardWeb/src/java/metier/service/ServiceVoyage.java</file>
        </group>
    </open-files>
</project-private>
